"","x","value","variable","panel"
"1",0,0,"stable potential","Potential Energy"
"2",7.07070707070707,1283.75418725884,"stable potential","Potential Energy"
"3",14.1414141414141,2583.70135511458,"stable potential","Potential Energy"
"4",21.2121212121212,3891.16794368622,"stable potential","Potential Energy"
"5",28.2828282828283,5197.7373824537,"stable potential","Potential Energy"
"6",35.3535353535354,6495.36684356366,"stable potential","Potential Energy"
"7",42.4242424242424,7776.49079118661,"stable potential","Potential Energy"
"8",49.4949494949495,9034.1083005718,"stable potential","Potential Energy"
"9",56.5656565656566,10261.852112879,"stable potential","Potential Energy"
"10",63.6363636363636,11454.0384329562,"stable potential","Potential Energy"
"11",70.7070707070707,12605.6974780177,"stable potential","Potential Energy"
"12",77.7777777777778,13712.5856713897,"stable potential","Potential Energy"
"13",84.8484848484848,14771.1810942406,"stable potential","Potential Energy"
"14",91.9191919191919,15778.6643306159,"stable potential","Potential Energy"
"15",98.989898989899,16732.8871612177,"stable potential","Potential Energy"
"16",106.060606060606,17632.3316923932,"stable potential","Potential Energy"
"17",113.131313131313,18476.0624755743,"stable potential","Potential Energy"
"18",120.20202020202,19263.674013675,"stable potential","Potential Energy"
"19",127.272727272727,19995.2358019374,"stable potential","Potential Energy"
"20",134.343434343434,20671.2367469978,"stable potential","Potential Energy"
"21",141.414141414141,21292.5304805347,"stable potential","Potential Energy"
"22",148.484848484848,21860.2827576391,"stable potential","Potential Energy"
"23",155.555555555556,22375.9218233403,"stable potential","Potential Energy"
"24",162.626262626263,22841.0923555764,"stable potential","Potential Energy"
"25",169.69696969697,23257.6133559985,"stable potential","Potential Energy"
"26",176.767676767677,23627.4401636908,"stable potential","Potential Energy"
"27",183.838383838384,23952.6306103502,"stable potential","Potential Energy"
"28",190.909090909091,24235.3152157233,"stable potential","Potential Energy"
"29",197.979797979798,24477.67123491,"stable potential","Potential Energy"
"30",205.050505050505,24681.9003096779,"stable potential","Potential Energy"
"31",212.121212121212,24850.2094393005,"stable potential","Potential Energy"
"32",219.191919191919,24984.7949679761,"stable potential","Potential Energy"
"33",226.262626262626,25087.829281424,"stable potential","Potential Energy"
"34",233.333333333333,25161.4499111671,"stable potential","Potential Energy"
"35",240.40404040404,25207.7507582496,"stable potential","Potential Energy"
"36",247.474747474747,25228.7751662499,"stable potential","Potential Energy"
"37",254.545454545455,25226.5105944712,"stable potential","Potential Energy"
"38",261.616161616162,25202.8846646328,"stable potential","Potential Energy"
"39",268.686868686869,25159.7623771321,"stable potential","Potential Energy"
"40",275.757575757576,25098.9443151959,"stable potential","Potential Energy"
"41",282.828282828283,25022.1656764464,"stable potential","Potential Energy"
"42",289.89898989899,24931.0959912259,"stable potential","Potential Energy"
"43",296.969696969697,24827.3394052488,"stable potential","Potential Energy"
"44",304.040404040404,24712.4354206999,"stable potential","Potential Energy"
"45",311.111111111111,24587.860004769,"stable potential","Potential Energy"
"46",318.181818181818,24455.0269878445,"stable potential","Potential Energy"
"47",325.252525252525,24315.2896852855,"stable potential","Potential Energy"
"48",332.323232323232,24169.9426869466,"stable potential","Potential Energy"
"49",339.393939393939,24020.2237675782,"stable potential","Potential Energy"
"50",346.464646464646,23867.3158789805,"stable potential","Potential Energy"
"51",353.535353535354,23712.349191485,"stable potential","Potential Energy"
"52",360.606060606061,23556.4031580879,"stable potential","Potential Energy"
"53",367.676767676768,23400.5085794747,"stable potential","Potential Energy"
"54",374.747474747475,23245.6496523661,"stable potential","Potential Energy"
"55",381.818181818182,23092.7659871593,"stable potential","Potential Energy"
"56",388.888888888889,22942.7545838442,"stable potential","Potential Energy"
"57",395.959595959596,22796.4717576858,"stable potential","Potential Energy"
"58",403.030303030303,22654.7350082816,"stable potential","Potential Energy"
"59",410.10101010101,22518.3248273519,"stable potential","Potential Energy"
"60",417.171717171717,22387.9864420825,"stable potential","Potential Energy"
"61",424.242424242424,22264.4314920349,"stable potential","Potential Energy"
"62",431.313131313131,22148.3396386195,"stable potential","Potential Energy"
"63",438.383838383838,22040.3601069261,"stable potential","Potential Energy"
"64",445.454545454545,21941.1131603423,"stable potential","Potential Energy"
"65",452.525252525253,21851.1915089036,"stable potential","Potential Energy"
"66",459.59595959596,21771.1616527151,"stable potential","Potential Energy"
"67",466.666666666667,21701.5651620924,"stable potential","Potential Energy"
"68",473.737373737374,21642.9198963016,"stable potential","Potential Energy"
"69",480.808080808081,21595.7211629429,"stable potential","Potential Energy"
"70",487.878787878788,21560.4428201406,"stable potential","Potential Energy"
"71",494.949494949495,21537.5383237704,"stable potential","Potential Energy"
"72",502.020202020202,21527.441721996,"stable potential","Potential Energy"
"73",509.090909090909,21530.5685993925,"stable potential","Potential Energy"
"74",516.161616161616,21547.3169729231,"stable potential","Potential Energy"
"75",523.232323232323,21578.0681420008,"stable potential","Potential Energy"
"76",530.30303030303,21623.1874948239,"stable potential","Potential Energy"
"77",537.373737373737,21683.0252731151,"stable potential","Potential Energy"
"78",544.444444444444,21757.9172973311,"stable potential","Potential Energy"
"79",551.515151515152,21848.1856543373,"stable potential","Potential Energy"
"80",558.585858585859,21954.1393494695,"stable potential","Potential Energy"
"81",565.656565656566,22076.0749248257,"stable potential","Potential Energy"
"82",572.727272727273,22214.2770455552,"stable potential","Potential Energy"
"83",579.79797979798,22369.0190558307,"stable potential","Potential Energy"
"84",586.868686868687,22540.5635061142,"stable potential","Potential Energy"
"85",593.939393939394,22729.1626532485,"stable potential","Potential Energy"
"86",601.010101010101,22935.0589348323,"stable potential","Potential Energy"
"87",608.080808080808,23158.4854192628,"stable potential","Potential Energy"
"88",615.151515151515,23399.6662327597,"stable potential","Potential Energy"
"89",622.222222222222,23658.8169646159,"stable potential","Potential Energy"
"90",629.292929292929,23936.1450518534,"stable potential","Potential Energy"
"91",636.363636363636,24231.850144403,"stable potential","Potential Energy"
"92",643.434343434343,24546.1244518612,"stable potential","Potential Energy"
"93",650.505050505051,24879.1530728255,"stable potential","Potential Energy"
"94",657.575757575758,25231.1143077508,"stable potential","Potential Energy"
"95",664.646464646465,25602.1799562184,"stable potential","Potential Energy"
"96",671.717171717172,25992.5155994613,"stable potential","Potential Energy"
"97",678.787878787879,26402.2808689395,"stable potential","Potential Energy"
"98",685.858585858586,26831.6297017178,"stable potential","Potential Energy"
"99",692.929292929293,27280.7105833535,"stable potential","Potential Energy"
"100",700,27749.6667789641,"stable potential","Potential Energy"
"101",516,19000,"stable potential","Time of Sample Trajectory"
"102",515,19020.4081632653,"stable potential","Time of Sample Trajectory"
"103",501,19040.8163265306,"stable potential","Time of Sample Trajectory"
"104",504,19061.2244897959,"stable potential","Time of Sample Trajectory"
"105",490,19081.6326530612,"stable potential","Time of Sample Trajectory"
"106",506,19102.0408163265,"stable potential","Time of Sample Trajectory"
"107",506,19122.4489795918,"stable potential","Time of Sample Trajectory"
"108",513,19142.8571428571,"stable potential","Time of Sample Trajectory"
"109",504,19163.2653061224,"stable potential","Time of Sample Trajectory"
"110",493,19183.6734693878,"stable potential","Time of Sample Trajectory"
"111",492,19204.0816326531,"stable potential","Time of Sample Trajectory"
"112",494,19224.4897959184,"stable potential","Time of Sample Trajectory"
"113",482,19244.8979591837,"stable potential","Time of Sample Trajectory"
"114",467,19265.306122449,"stable potential","Time of Sample Trajectory"
"115",460,19285.7142857143,"stable potential","Time of Sample Trajectory"
"116",471,19306.1224489796,"stable potential","Time of Sample Trajectory"
"117",462,19326.5306122449,"stable potential","Time of Sample Trajectory"
"118",470,19346.9387755102,"stable potential","Time of Sample Trajectory"
"119",466,19367.3469387755,"stable potential","Time of Sample Trajectory"
"120",456,19387.7551020408,"stable potential","Time of Sample Trajectory"
"121",457,19408.1632653061,"stable potential","Time of Sample Trajectory"
"122",467,19428.5714285714,"stable potential","Time of Sample Trajectory"
"123",461,19448.9795918367,"stable potential","Time of Sample Trajectory"
"124",465,19469.387755102,"stable potential","Time of Sample Trajectory"
"125",458,19489.7959183673,"stable potential","Time of Sample Trajectory"
"126",457,19510.2040816327,"stable potential","Time of Sample Trajectory"
"127",469,19530.612244898,"stable potential","Time of Sample Trajectory"
"128",456,19551.0204081633,"stable potential","Time of Sample Trajectory"
"129",446,19571.4285714286,"stable potential","Time of Sample Trajectory"
"130",462,19591.8367346939,"stable potential","Time of Sample Trajectory"
"131",468,19612.2448979592,"stable potential","Time of Sample Trajectory"
"132",474,19632.6530612245,"stable potential","Time of Sample Trajectory"
"133",490,19653.0612244898,"stable potential","Time of Sample Trajectory"
"134",485,19673.4693877551,"stable potential","Time of Sample Trajectory"
"135",490,19693.8775510204,"stable potential","Time of Sample Trajectory"
"136",502,19714.2857142857,"stable potential","Time of Sample Trajectory"
"137",504,19734.693877551,"stable potential","Time of Sample Trajectory"
"138",501,19755.1020408163,"stable potential","Time of Sample Trajectory"
"139",499,19775.5102040816,"stable potential","Time of Sample Trajectory"
"140",515,19795.9183673469,"stable potential","Time of Sample Trajectory"
"141",520,19816.3265306122,"stable potential","Time of Sample Trajectory"
"142",510,19836.7346938776,"stable potential","Time of Sample Trajectory"
"143",515,19857.1428571429,"stable potential","Time of Sample Trajectory"
"144",528,19877.5510204082,"stable potential","Time of Sample Trajectory"
"145",532,19897.9591836735,"stable potential","Time of Sample Trajectory"
"146",533,19918.3673469388,"stable potential","Time of Sample Trajectory"
"147",527,19938.7755102041,"stable potential","Time of Sample Trajectory"
"148",529,19959.1836734694,"stable potential","Time of Sample Trajectory"
"149",534,19979.5918367347,"stable potential","Time of Sample Trajectory"
"150",546,20000,"stable potential","Time of Sample Trajectory"
"151",561,20020.4081632653,"stable potential","Time of Sample Trajectory"
"152",558,20040.8163265306,"stable potential","Time of Sample Trajectory"
"153",551,20061.2244897959,"stable potential","Time of Sample Trajectory"
"154",558,20081.6326530612,"stable potential","Time of Sample Trajectory"
"155",561,20102.0408163265,"stable potential","Time of Sample Trajectory"
"156",571,20122.4489795918,"stable potential","Time of Sample Trajectory"
"157",584,20142.8571428571,"stable potential","Time of Sample Trajectory"
"158",583,20163.2653061224,"stable potential","Time of Sample Trajectory"
"159",585,20183.6734693878,"stable potential","Time of Sample Trajectory"
"160",575,20204.0816326531,"stable potential","Time of Sample Trajectory"
"161",579,20224.4897959184,"stable potential","Time of Sample Trajectory"
"162",578,20244.8979591837,"stable potential","Time of Sample Trajectory"
"163",582,20265.306122449,"stable potential","Time of Sample Trajectory"
"164",585,20285.7142857143,"stable potential","Time of Sample Trajectory"
"165",565,20306.1224489796,"stable potential","Time of Sample Trajectory"
"166",565,20326.5306122449,"stable potential","Time of Sample Trajectory"
"167",578,20346.9387755102,"stable potential","Time of Sample Trajectory"
"168",579,20367.3469387755,"stable potential","Time of Sample Trajectory"
"169",578,20387.7551020408,"stable potential","Time of Sample Trajectory"
"170",570,20408.1632653061,"stable potential","Time of Sample Trajectory"
"171",563,20428.5714285714,"stable potential","Time of Sample Trajectory"
"172",544,20448.9795918367,"stable potential","Time of Sample Trajectory"
"173",567,20469.387755102,"stable potential","Time of Sample Trajectory"
"174",560,20489.7959183673,"stable potential","Time of Sample Trajectory"
"175",537,20510.2040816327,"stable potential","Time of Sample Trajectory"
"176",527,20530.612244898,"stable potential","Time of Sample Trajectory"
"177",515,20551.0204081633,"stable potential","Time of Sample Trajectory"
"178",509,20571.4285714286,"stable potential","Time of Sample Trajectory"
"179",503,20591.8367346939,"stable potential","Time of Sample Trajectory"
"180",501,20612.2448979592,"stable potential","Time of Sample Trajectory"
"181",512,20632.6530612245,"stable potential","Time of Sample Trajectory"
"182",518,20653.0612244898,"stable potential","Time of Sample Trajectory"
"183",529,20673.4693877551,"stable potential","Time of Sample Trajectory"
"184",516,20693.8775510204,"stable potential","Time of Sample Trajectory"
"185",514,20714.2857142857,"stable potential","Time of Sample Trajectory"
"186",516,20734.693877551,"stable potential","Time of Sample Trajectory"
"187",517,20755.1020408163,"stable potential","Time of Sample Trajectory"
"188",518,20775.5102040816,"stable potential","Time of Sample Trajectory"
"189",524,20795.9183673469,"stable potential","Time of Sample Trajectory"
"190",528,20816.3265306122,"stable potential","Time of Sample Trajectory"
"191",524,20836.7346938776,"stable potential","Time of Sample Trajectory"
"192",532,20857.1428571429,"stable potential","Time of Sample Trajectory"
"193",533,20877.5510204082,"stable potential","Time of Sample Trajectory"
"194",537,20897.9591836735,"stable potential","Time of Sample Trajectory"
"195",545,20918.3673469388,"stable potential","Time of Sample Trajectory"
"196",537,20938.7755102041,"stable potential","Time of Sample Trajectory"
"197",530,20959.1836734694,"stable potential","Time of Sample Trajectory"
"198",535,20979.5918367347,"stable potential","Time of Sample Trajectory"
"199",537,21000,"stable potential","Time of Sample Trajectory"
"200",531,21020.4081632653,"stable potential","Time of Sample Trajectory"
"201",524,21040.8163265306,"stable potential","Time of Sample Trajectory"
"202",520,21061.2244897959,"stable potential","Time of Sample Trajectory"
"203",516,21081.6326530612,"stable potential","Time of Sample Trajectory"
"204",511,21102.0408163265,"stable potential","Time of Sample Trajectory"
"205",501,21122.4489795918,"stable potential","Time of Sample Trajectory"
"206",515,21142.8571428571,"stable potential","Time of Sample Trajectory"
"207",511,21163.2653061224,"stable potential","Time of Sample Trajectory"
"208",520,21183.6734693878,"stable potential","Time of Sample Trajectory"
"209",518,21204.0816326531,"stable potential","Time of Sample Trajectory"
"210",514,21224.4897959184,"stable potential","Time of Sample Trajectory"
"211",508,21244.8979591837,"stable potential","Time of Sample Trajectory"
"212",505,21265.306122449,"stable potential","Time of Sample Trajectory"
"213",510,21285.7142857143,"stable potential","Time of Sample Trajectory"
"214",512,21306.1224489796,"stable potential","Time of Sample Trajectory"
"215",513,21326.5306122449,"stable potential","Time of Sample Trajectory"
"216",501,21346.9387755102,"stable potential","Time of Sample Trajectory"
"217",498,21367.3469387755,"stable potential","Time of Sample Trajectory"
"218",513,21387.7551020408,"stable potential","Time of Sample Trajectory"
"219",513,21408.1632653061,"stable potential","Time of Sample Trajectory"
"220",508,21428.5714285714,"stable potential","Time of Sample Trajectory"
"221",502,21448.9795918367,"stable potential","Time of Sample Trajectory"
"222",501,21469.387755102,"stable potential","Time of Sample Trajectory"
"223",506,21489.7959183673,"stable potential","Time of Sample Trajectory"
"224",507,21510.2040816327,"stable potential","Time of Sample Trajectory"
"225",508,21530.612244898,"stable potential","Time of Sample Trajectory"
"226",511,21551.0204081633,"stable potential","Time of Sample Trajectory"
"227",502,21571.4285714286,"stable potential","Time of Sample Trajectory"
"228",500,21591.8367346939,"stable potential","Time of Sample Trajectory"
"229",506,21612.2448979592,"stable potential","Time of Sample Trajectory"
"230",512,21632.6530612245,"stable potential","Time of Sample Trajectory"
"231",514,21653.0612244898,"stable potential","Time of Sample Trajectory"
"232",508,21673.4693877551,"stable potential","Time of Sample Trajectory"
"233",514,21693.8775510204,"stable potential","Time of Sample Trajectory"
"234",514,21714.2857142857,"stable potential","Time of Sample Trajectory"
"235",522,21734.693877551,"stable potential","Time of Sample Trajectory"
"236",516,21755.1020408163,"stable potential","Time of Sample Trajectory"
"237",516,21775.5102040816,"stable potential","Time of Sample Trajectory"
"238",521,21795.9183673469,"stable potential","Time of Sample Trajectory"
"239",528,21816.3265306122,"stable potential","Time of Sample Trajectory"
"240",528,21836.7346938776,"stable potential","Time of Sample Trajectory"
"241",525,21857.1428571429,"stable potential","Time of Sample Trajectory"
"242",529,21877.5510204082,"stable potential","Time of Sample Trajectory"
"243",517,21897.9591836735,"stable potential","Time of Sample Trajectory"
"244",514,21918.3673469388,"stable potential","Time of Sample Trajectory"
"245",498,21938.7755102041,"stable potential","Time of Sample Trajectory"
"246",492,21959.1836734694,"stable potential","Time of Sample Trajectory"
"247",482,21979.5918367347,"stable potential","Time of Sample Trajectory"
"248",489,22000,"stable potential","Time of Sample Trajectory"
"249",478,22020.4081632653,"stable potential","Time of Sample Trajectory"
"250",489,22040.8163265306,"stable potential","Time of Sample Trajectory"
"251",508,22061.2244897959,"stable potential","Time of Sample Trajectory"
"252",509,22081.6326530612,"stable potential","Time of Sample Trajectory"
"253",496,22102.0408163265,"stable potential","Time of Sample Trajectory"
"254",508,22122.4489795918,"stable potential","Time of Sample Trajectory"
"255",514,22142.8571428571,"stable potential","Time of Sample Trajectory"
"256",512,22163.2653061224,"stable potential","Time of Sample Trajectory"
"257",530,22183.6734693878,"stable potential","Time of Sample Trajectory"
"258",528,22204.0816326531,"stable potential","Time of Sample Trajectory"
"259",547,22224.4897959184,"stable potential","Time of Sample Trajectory"
"260",550,22244.8979591837,"stable potential","Time of Sample Trajectory"
"261",543,22265.306122449,"stable potential","Time of Sample Trajectory"
"262",544,22285.7142857143,"stable potential","Time of Sample Trajectory"
"263",540,22306.1224489796,"stable potential","Time of Sample Trajectory"
"264",534,22326.5306122449,"stable potential","Time of Sample Trajectory"
"265",536,22346.9387755102,"stable potential","Time of Sample Trajectory"
"266",542,22367.3469387755,"stable potential","Time of Sample Trajectory"
"267",542,22387.7551020408,"stable potential","Time of Sample Trajectory"
"268",538,22408.1632653061,"stable potential","Time of Sample Trajectory"
"269",537,22428.5714285714,"stable potential","Time of Sample Trajectory"
"270",533,22448.9795918367,"stable potential","Time of Sample Trajectory"
"271",528,22469.387755102,"stable potential","Time of Sample Trajectory"
"272",510,22489.7959183673,"stable potential","Time of Sample Trajectory"
"273",512,22510.2040816327,"stable potential","Time of Sample Trajectory"
"274",519,22530.612244898,"stable potential","Time of Sample Trajectory"
"275",510,22551.0204081633,"stable potential","Time of Sample Trajectory"
"276",491,22571.4285714286,"stable potential","Time of Sample Trajectory"
"277",489,22591.8367346939,"stable potential","Time of Sample Trajectory"
"278",482,22612.2448979592,"stable potential","Time of Sample Trajectory"
"279",493,22632.6530612245,"stable potential","Time of Sample Trajectory"
"280",496,22653.0612244898,"stable potential","Time of Sample Trajectory"
"281",496,22673.4693877551,"stable potential","Time of Sample Trajectory"
"282",496,22693.8775510204,"stable potential","Time of Sample Trajectory"
"283",480,22714.2857142857,"stable potential","Time of Sample Trajectory"
"284",465,22734.693877551,"stable potential","Time of Sample Trajectory"
"285",471,22755.1020408163,"stable potential","Time of Sample Trajectory"
"286",473,22775.5102040816,"stable potential","Time of Sample Trajectory"
"287",485,22795.9183673469,"stable potential","Time of Sample Trajectory"
"288",498,22816.3265306122,"stable potential","Time of Sample Trajectory"
"289",501,22836.7346938776,"stable potential","Time of Sample Trajectory"
"290",498,22857.1428571429,"stable potential","Time of Sample Trajectory"
"291",502,22877.5510204082,"stable potential","Time of Sample Trajectory"
"292",513,22897.9591836735,"stable potential","Time of Sample Trajectory"
"293",522,22918.3673469388,"stable potential","Time of Sample Trajectory"
"294",515,22938.7755102041,"stable potential","Time of Sample Trajectory"
"295",515,22959.1836734694,"stable potential","Time of Sample Trajectory"
"296",532,22979.5918367347,"stable potential","Time of Sample Trajectory"
"297",526,23000,"stable potential","Time of Sample Trajectory"
"298",520,23020.4081632653,"stable potential","Time of Sample Trajectory"
"299",514,23040.8163265306,"stable potential","Time of Sample Trajectory"
"300",516,23061.2244897959,"stable potential","Time of Sample Trajectory"
"301",505,23081.6326530612,"stable potential","Time of Sample Trajectory"
"302",500,23102.0408163265,"stable potential","Time of Sample Trajectory"
"303",509,23122.4489795918,"stable potential","Time of Sample Trajectory"
"304",497,23142.8571428571,"stable potential","Time of Sample Trajectory"
"305",500,23163.2653061224,"stable potential","Time of Sample Trajectory"
"306",506,23183.6734693878,"stable potential","Time of Sample Trajectory"
"307",508,23204.0816326531,"stable potential","Time of Sample Trajectory"
"308",520,23224.4897959184,"stable potential","Time of Sample Trajectory"
"309",514,23244.8979591837,"stable potential","Time of Sample Trajectory"
"310",513,23265.306122449,"stable potential","Time of Sample Trajectory"
"311",515,23285.7142857143,"stable potential","Time of Sample Trajectory"
"312",524,23306.1224489796,"stable potential","Time of Sample Trajectory"
"313",531,23326.5306122449,"stable potential","Time of Sample Trajectory"
"314",555,23346.9387755102,"stable potential","Time of Sample Trajectory"
"315",549,23367.3469387755,"stable potential","Time of Sample Trajectory"
"316",549,23387.7551020408,"stable potential","Time of Sample Trajectory"
"317",548,23408.1632653061,"stable potential","Time of Sample Trajectory"
"318",560,23428.5714285714,"stable potential","Time of Sample Trajectory"
"319",545,23448.9795918367,"stable potential","Time of Sample Trajectory"
"320",548,23469.387755102,"stable potential","Time of Sample Trajectory"
"321",563,23489.7959183673,"stable potential","Time of Sample Trajectory"
"322",558,23510.2040816327,"stable potential","Time of Sample Trajectory"
"323",556,23530.612244898,"stable potential","Time of Sample Trajectory"
"324",558,23551.0204081633,"stable potential","Time of Sample Trajectory"
"325",560,23571.4285714286,"stable potential","Time of Sample Trajectory"
"326",552,23591.8367346939,"stable potential","Time of Sample Trajectory"
"327",540,23612.2448979592,"stable potential","Time of Sample Trajectory"
"328",525,23632.6530612245,"stable potential","Time of Sample Trajectory"
"329",516,23653.0612244898,"stable potential","Time of Sample Trajectory"
"330",513,23673.4693877551,"stable potential","Time of Sample Trajectory"
"331",510,23693.8775510204,"stable potential","Time of Sample Trajectory"
"332",505,23714.2857142857,"stable potential","Time of Sample Trajectory"
"333",489,23734.693877551,"stable potential","Time of Sample Trajectory"
"334",504,23755.1020408163,"stable potential","Time of Sample Trajectory"
"335",504,23775.5102040816,"stable potential","Time of Sample Trajectory"
"336",504,23795.9183673469,"stable potential","Time of Sample Trajectory"
"337",507,23816.3265306122,"stable potential","Time of Sample Trajectory"
"338",519,23836.7346938776,"stable potential","Time of Sample Trajectory"
"339",533,23857.1428571429,"stable potential","Time of Sample Trajectory"
"340",536,23877.5510204082,"stable potential","Time of Sample Trajectory"
"341",535,23897.9591836735,"stable potential","Time of Sample Trajectory"
"342",524,23918.3673469388,"stable potential","Time of Sample Trajectory"
"343",511,23938.7755102041,"stable potential","Time of Sample Trajectory"
"344",502,23959.1836734694,"stable potential","Time of Sample Trajectory"
"345",512,23979.5918367347,"stable potential","Time of Sample Trajectory"
"346",525,24000,"stable potential","Time of Sample Trajectory"
"347",515,24020.4081632653,"stable potential","Time of Sample Trajectory"
"348",518,24040.8163265306,"stable potential","Time of Sample Trajectory"
"349",499,24061.2244897959,"stable potential","Time of Sample Trajectory"
"350",487,24081.6326530612,"stable potential","Time of Sample Trajectory"
"351",495,24102.0408163265,"stable potential","Time of Sample Trajectory"
"352",500,24122.4489795918,"stable potential","Time of Sample Trajectory"
"353",510,24142.8571428571,"stable potential","Time of Sample Trajectory"
"354",527,24163.2653061224,"stable potential","Time of Sample Trajectory"
"355",510,24183.6734693878,"stable potential","Time of Sample Trajectory"
"356",517,24204.0816326531,"stable potential","Time of Sample Trajectory"
"357",527,24224.4897959184,"stable potential","Time of Sample Trajectory"
"358",519,24244.8979591837,"stable potential","Time of Sample Trajectory"
"359",536,24265.306122449,"stable potential","Time of Sample Trajectory"
"360",526,24285.7142857143,"stable potential","Time of Sample Trajectory"
"361",518,24306.1224489796,"stable potential","Time of Sample Trajectory"
"362",532,24326.5306122449,"stable potential","Time of Sample Trajectory"
"363",518,24346.9387755102,"stable potential","Time of Sample Trajectory"
"364",530,24367.3469387755,"stable potential","Time of Sample Trajectory"
"365",522,24387.7551020408,"stable potential","Time of Sample Trajectory"
"366",518,24408.1632653061,"stable potential","Time of Sample Trajectory"
"367",530,24428.5714285714,"stable potential","Time of Sample Trajectory"
"368",535,24448.9795918367,"stable potential","Time of Sample Trajectory"
"369",532,24469.387755102,"stable potential","Time of Sample Trajectory"
"370",524,24489.7959183673,"stable potential","Time of Sample Trajectory"
"371",518,24510.2040816327,"stable potential","Time of Sample Trajectory"
"372",514,24530.612244898,"stable potential","Time of Sample Trajectory"
"373",510,24551.0204081633,"stable potential","Time of Sample Trajectory"
"374",505,24571.4285714286,"stable potential","Time of Sample Trajectory"
"375",503,24591.8367346939,"stable potential","Time of Sample Trajectory"
"376",518,24612.2448979592,"stable potential","Time of Sample Trajectory"
"377",526,24632.6530612245,"stable potential","Time of Sample Trajectory"
"378",518,24653.0612244898,"stable potential","Time of Sample Trajectory"
"379",509,24673.4693877551,"stable potential","Time of Sample Trajectory"
"380",518,24693.8775510204,"stable potential","Time of Sample Trajectory"
"381",519,24714.2857142857,"stable potential","Time of Sample Trajectory"
"382",501,24734.693877551,"stable potential","Time of Sample Trajectory"
"383",502,24755.1020408163,"stable potential","Time of Sample Trajectory"
"384",504,24775.5102040816,"stable potential","Time of Sample Trajectory"
"385",506,24795.9183673469,"stable potential","Time of Sample Trajectory"
"386",510,24816.3265306122,"stable potential","Time of Sample Trajectory"
"387",516,24836.7346938776,"stable potential","Time of Sample Trajectory"
"388",502,24857.1428571429,"stable potential","Time of Sample Trajectory"
"389",499,24877.5510204082,"stable potential","Time of Sample Trajectory"
"390",503,24897.9591836735,"stable potential","Time of Sample Trajectory"
"391",514,24918.3673469388,"stable potential","Time of Sample Trajectory"
"392",514,24938.7755102041,"stable potential","Time of Sample Trajectory"
"393",526,24959.1836734694,"stable potential","Time of Sample Trajectory"
"394",537,24979.5918367347,"stable potential","Time of Sample Trajectory"
"395",541,25000,"stable potential","Time of Sample Trajectory"
"396",553,25020.4081632653,"stable potential","Time of Sample Trajectory"
"397",551,25040.8163265306,"stable potential","Time of Sample Trajectory"
"398",554,25061.2244897959,"stable potential","Time of Sample Trajectory"
"399",569,25081.6326530612,"stable potential","Time of Sample Trajectory"
"400",584,25102.0408163265,"stable potential","Time of Sample Trajectory"
"401",589,25122.4489795918,"stable potential","Time of Sample Trajectory"
"402",578,25142.8571428571,"stable potential","Time of Sample Trajectory"
"403",574,25163.2653061224,"stable potential","Time of Sample Trajectory"
"404",554,25183.6734693878,"stable potential","Time of Sample Trajectory"
"405",537,25204.0816326531,"stable potential","Time of Sample Trajectory"
"406",541,25224.4897959184,"stable potential","Time of Sample Trajectory"
"407",552,25244.8979591837,"stable potential","Time of Sample Trajectory"
"408",550,25265.306122449,"stable potential","Time of Sample Trajectory"
"409",546,25285.7142857143,"stable potential","Time of Sample Trajectory"
"410",565,25306.1224489796,"stable potential","Time of Sample Trajectory"
"411",557,25326.5306122449,"stable potential","Time of Sample Trajectory"
"412",566,25346.9387755102,"stable potential","Time of Sample Trajectory"
"413",579,25367.3469387755,"stable potential","Time of Sample Trajectory"
"414",579,25387.7551020408,"stable potential","Time of Sample Trajectory"
"415",570,25408.1632653061,"stable potential","Time of Sample Trajectory"
"416",557,25428.5714285714,"stable potential","Time of Sample Trajectory"
"417",556,25448.9795918367,"stable potential","Time of Sample Trajectory"
"418",553,25469.387755102,"stable potential","Time of Sample Trajectory"
"419",552,25489.7959183673,"stable potential","Time of Sample Trajectory"
"420",543,25510.2040816327,"stable potential","Time of Sample Trajectory"
"421",539,25530.612244898,"stable potential","Time of Sample Trajectory"
"422",539,25551.0204081633,"stable potential","Time of Sample Trajectory"
"423",541,25571.4285714286,"stable potential","Time of Sample Trajectory"
"424",524,25591.8367346939,"stable potential","Time of Sample Trajectory"
"425",527,25612.2448979592,"stable potential","Time of Sample Trajectory"
"426",530,25632.6530612245,"stable potential","Time of Sample Trajectory"
"427",511,25653.0612244898,"stable potential","Time of Sample Trajectory"
"428",497,25673.4693877551,"stable potential","Time of Sample Trajectory"
"429",508,25693.8775510204,"stable potential","Time of Sample Trajectory"
"430",524,25714.2857142857,"stable potential","Time of Sample Trajectory"
"431",533,25734.693877551,"stable potential","Time of Sample Trajectory"
"432",524,25755.1020408163,"stable potential","Time of Sample Trajectory"
"433",526,25775.5102040816,"stable potential","Time of Sample Trajectory"
"434",539,25795.9183673469,"stable potential","Time of Sample Trajectory"
"435",529,25816.3265306122,"stable potential","Time of Sample Trajectory"
"436",530,25836.7346938776,"stable potential","Time of Sample Trajectory"
"437",545,25857.1428571429,"stable potential","Time of Sample Trajectory"
"438",535,25877.5510204082,"stable potential","Time of Sample Trajectory"
"439",538,25897.9591836735,"stable potential","Time of Sample Trajectory"
"440",538,25918.3673469388,"stable potential","Time of Sample Trajectory"
"441",535,25938.7755102041,"stable potential","Time of Sample Trajectory"
"442",534,25959.1836734694,"stable potential","Time of Sample Trajectory"
"443",550,25979.5918367347,"stable potential","Time of Sample Trajectory"
"444",551,26000,"stable potential","Time of Sample Trajectory"
"445",552,26020.4081632653,"stable potential","Time of Sample Trajectory"
"446",528,26040.8163265306,"stable potential","Time of Sample Trajectory"
"447",526,26061.2244897959,"stable potential","Time of Sample Trajectory"
"448",517,26081.6326530612,"stable potential","Time of Sample Trajectory"
"449",503,26102.0408163265,"stable potential","Time of Sample Trajectory"
"450",527,26122.4489795918,"stable potential","Time of Sample Trajectory"
"451",529,26142.8571428571,"stable potential","Time of Sample Trajectory"
"452",530,26163.2653061224,"stable potential","Time of Sample Trajectory"
"453",516,26183.6734693878,"stable potential","Time of Sample Trajectory"
"454",499,26204.0816326531,"stable potential","Time of Sample Trajectory"
"455",513,26224.4897959184,"stable potential","Time of Sample Trajectory"
"456",518,26244.8979591837,"stable potential","Time of Sample Trajectory"
"457",508,26265.306122449,"stable potential","Time of Sample Trajectory"
"458",502,26285.7142857143,"stable potential","Time of Sample Trajectory"
"459",500,26306.1224489796,"stable potential","Time of Sample Trajectory"
"460",510,26326.5306122449,"stable potential","Time of Sample Trajectory"
"461",496,26346.9387755102,"stable potential","Time of Sample Trajectory"
"462",506,26367.3469387755,"stable potential","Time of Sample Trajectory"
"463",490,26387.7551020408,"stable potential","Time of Sample Trajectory"
"464",480,26408.1632653061,"stable potential","Time of Sample Trajectory"
"465",494,26428.5714285714,"stable potential","Time of Sample Trajectory"
"466",493,26448.9795918367,"stable potential","Time of Sample Trajectory"
"467",480,26469.387755102,"stable potential","Time of Sample Trajectory"
"468",491,26489.7959183673,"stable potential","Time of Sample Trajectory"
"469",478,26510.2040816327,"stable potential","Time of Sample Trajectory"
"470",482,26530.612244898,"stable potential","Time of Sample Trajectory"
"471",471,26551.0204081633,"stable potential","Time of Sample Trajectory"
"472",469,26571.4285714286,"stable potential","Time of Sample Trajectory"
"473",470,26591.8367346939,"stable potential","Time of Sample Trajectory"
"474",463,26612.2448979592,"stable potential","Time of Sample Trajectory"
"475",463,26632.6530612245,"stable potential","Time of Sample Trajectory"
"476",448,26653.0612244898,"stable potential","Time of Sample Trajectory"
"477",438,26673.4693877551,"stable potential","Time of Sample Trajectory"
"478",440,26693.8775510204,"stable potential","Time of Sample Trajectory"
"479",451,26714.2857142857,"stable potential","Time of Sample Trajectory"
"480",453,26734.693877551,"stable potential","Time of Sample Trajectory"
"481",445,26755.1020408163,"stable potential","Time of Sample Trajectory"
"482",449,26775.5102040816,"stable potential","Time of Sample Trajectory"
"483",455,26795.9183673469,"stable potential","Time of Sample Trajectory"
"484",461,26816.3265306122,"stable potential","Time of Sample Trajectory"
"485",462,26836.7346938776,"stable potential","Time of Sample Trajectory"
"486",480,26857.1428571429,"stable potential","Time of Sample Trajectory"
"487",489,26877.5510204082,"stable potential","Time of Sample Trajectory"
"488",496,26897.9591836735,"stable potential","Time of Sample Trajectory"
"489",494,26918.3673469388,"stable potential","Time of Sample Trajectory"
"490",492,26938.7755102041,"stable potential","Time of Sample Trajectory"
"491",495,26959.1836734694,"stable potential","Time of Sample Trajectory"
"492",484,26979.5918367347,"stable potential","Time of Sample Trajectory"
"493",485,27000,"stable potential","Time of Sample Trajectory"
"494",491,27020.4081632653,"stable potential","Time of Sample Trajectory"
"495",485,27040.8163265306,"stable potential","Time of Sample Trajectory"
"496",477,27061.2244897959,"stable potential","Time of Sample Trajectory"
"497",495,27081.6326530612,"stable potential","Time of Sample Trajectory"
"498",485,27102.0408163265,"stable potential","Time of Sample Trajectory"
"499",486,27122.4489795918,"stable potential","Time of Sample Trajectory"
"500",490,27142.8571428571,"stable potential","Time of Sample Trajectory"
"501",499,27163.2653061224,"stable potential","Time of Sample Trajectory"
"502",501,27183.6734693878,"stable potential","Time of Sample Trajectory"
"503",517,27204.0816326531,"stable potential","Time of Sample Trajectory"
"504",503,27224.4897959184,"stable potential","Time of Sample Trajectory"
"505",497,27244.8979591837,"stable potential","Time of Sample Trajectory"
"506",490,27265.306122449,"stable potential","Time of Sample Trajectory"
"507",482,27285.7142857143,"stable potential","Time of Sample Trajectory"
"508",461,27306.1224489796,"stable potential","Time of Sample Trajectory"
"509",446,27326.5306122449,"stable potential","Time of Sample Trajectory"
"510",450,27346.9387755102,"stable potential","Time of Sample Trajectory"
"511",461,27367.3469387755,"stable potential","Time of Sample Trajectory"
"512",474,27387.7551020408,"stable potential","Time of Sample Trajectory"
"513",472,27408.1632653061,"stable potential","Time of Sample Trajectory"
"514",473,27428.5714285714,"stable potential","Time of Sample Trajectory"
"515",467,27448.9795918367,"stable potential","Time of Sample Trajectory"
"516",466,27469.387755102,"stable potential","Time of Sample Trajectory"
"517",469,27489.7959183673,"stable potential","Time of Sample Trajectory"
"518",450,27510.2040816327,"stable potential","Time of Sample Trajectory"
"519",460,27530.612244898,"stable potential","Time of Sample Trajectory"
"520",470,27551.0204081633,"stable potential","Time of Sample Trajectory"
"521",471,27571.4285714286,"stable potential","Time of Sample Trajectory"
"522",470,27591.8367346939,"stable potential","Time of Sample Trajectory"
"523",468,27612.2448979592,"stable potential","Time of Sample Trajectory"
"524",457,27632.6530612245,"stable potential","Time of Sample Trajectory"
"525",446,27653.0612244898,"stable potential","Time of Sample Trajectory"
"526",455,27673.4693877551,"stable potential","Time of Sample Trajectory"
"527",465,27693.8775510204,"stable potential","Time of Sample Trajectory"
"528",471,27714.2857142857,"stable potential","Time of Sample Trajectory"
"529",454,27734.693877551,"stable potential","Time of Sample Trajectory"
"530",441,27755.1020408163,"stable potential","Time of Sample Trajectory"
"531",454,27775.5102040816,"stable potential","Time of Sample Trajectory"
"532",460,27795.9183673469,"stable potential","Time of Sample Trajectory"
"533",452,27816.3265306122,"stable potential","Time of Sample Trajectory"
"534",455,27836.7346938776,"stable potential","Time of Sample Trajectory"
"535",451,27857.1428571429,"stable potential","Time of Sample Trajectory"
"536",455,27877.5510204082,"stable potential","Time of Sample Trajectory"
"537",453,27897.9591836735,"stable potential","Time of Sample Trajectory"
"538",447,27918.3673469388,"stable potential","Time of Sample Trajectory"
"539",449,27938.7755102041,"stable potential","Time of Sample Trajectory"
"540",468,27959.1836734694,"stable potential","Time of Sample Trajectory"
"541",464,27979.5918367347,"stable potential","Time of Sample Trajectory"
"542",460,28000,"stable potential","Time of Sample Trajectory"
"543",467,28020.4081632653,"stable potential","Time of Sample Trajectory"
"544",442,28040.8163265306,"stable potential","Time of Sample Trajectory"
"545",443,28061.2244897959,"stable potential","Time of Sample Trajectory"
"546",454,28081.6326530612,"stable potential","Time of Sample Trajectory"
"547",464,28102.0408163265,"stable potential","Time of Sample Trajectory"
"548",475,28122.4489795918,"stable potential","Time of Sample Trajectory"
"549",466,28142.8571428571,"stable potential","Time of Sample Trajectory"
"550",465,28163.2653061224,"stable potential","Time of Sample Trajectory"
"551",465,28183.6734693878,"stable potential","Time of Sample Trajectory"
"552",466,28204.0816326531,"stable potential","Time of Sample Trajectory"
"553",453,28224.4897959184,"stable potential","Time of Sample Trajectory"
"554",455,28244.8979591837,"stable potential","Time of Sample Trajectory"
"555",453,28265.306122449,"stable potential","Time of Sample Trajectory"
"556",449,28285.7142857143,"stable potential","Time of Sample Trajectory"
"557",453,28306.1224489796,"stable potential","Time of Sample Trajectory"
"558",467,28326.5306122449,"stable potential","Time of Sample Trajectory"
"559",468,28346.9387755102,"stable potential","Time of Sample Trajectory"
"560",459,28367.3469387755,"stable potential","Time of Sample Trajectory"
"561",456,28387.7551020408,"stable potential","Time of Sample Trajectory"
"562",456,28408.1632653061,"stable potential","Time of Sample Trajectory"
"563",438,28428.5714285714,"stable potential","Time of Sample Trajectory"
"564",439,28448.9795918367,"stable potential","Time of Sample Trajectory"
"565",449,28469.387755102,"stable potential","Time of Sample Trajectory"
"566",433,28489.7959183673,"stable potential","Time of Sample Trajectory"
"567",436,28510.2040816327,"stable potential","Time of Sample Trajectory"
"568",435,28530.612244898,"stable potential","Time of Sample Trajectory"
"569",445,28551.0204081633,"stable potential","Time of Sample Trajectory"
"570",449,28571.4285714286,"stable potential","Time of Sample Trajectory"
"571",460,28591.8367346939,"stable potential","Time of Sample Trajectory"
"572",466,28612.2448979592,"stable potential","Time of Sample Trajectory"
"573",483,28632.6530612245,"stable potential","Time of Sample Trajectory"
"574",485,28653.0612244898,"stable potential","Time of Sample Trajectory"
"575",475,28673.4693877551,"stable potential","Time of Sample Trajectory"
"576",481,28693.8775510204,"stable potential","Time of Sample Trajectory"
"577",478,28714.2857142857,"stable potential","Time of Sample Trajectory"
"578",490,28734.693877551,"stable potential","Time of Sample Trajectory"
"579",480,28755.1020408163,"stable potential","Time of Sample Trajectory"
"580",468,28775.5102040816,"stable potential","Time of Sample Trajectory"
"581",457,28795.9183673469,"stable potential","Time of Sample Trajectory"
"582",452,28816.3265306122,"stable potential","Time of Sample Trajectory"
"583",456,28836.7346938776,"stable potential","Time of Sample Trajectory"
"584",466,28857.1428571429,"stable potential","Time of Sample Trajectory"
"585",478,28877.5510204082,"stable potential","Time of Sample Trajectory"
"586",477,28897.9591836735,"stable potential","Time of Sample Trajectory"
"587",484,28918.3673469388,"stable potential","Time of Sample Trajectory"
"588",474,28938.7755102041,"stable potential","Time of Sample Trajectory"
"589",469,28959.1836734694,"stable potential","Time of Sample Trajectory"
"590",478,28979.5918367347,"stable potential","Time of Sample Trajectory"
"591",482,29000,"stable potential","Time of Sample Trajectory"
"592",472,29020.4081632653,"stable potential","Time of Sample Trajectory"
"593",475,29040.8163265306,"stable potential","Time of Sample Trajectory"
"594",470,29061.2244897959,"stable potential","Time of Sample Trajectory"
"595",484,29081.6326530612,"stable potential","Time of Sample Trajectory"
"596",469,29102.0408163265,"stable potential","Time of Sample Trajectory"
"597",458,29122.4489795918,"stable potential","Time of Sample Trajectory"
"598",466,29142.8571428571,"stable potential","Time of Sample Trajectory"
"599",472,29163.2653061224,"stable potential","Time of Sample Trajectory"
"600",459,29183.6734693878,"stable potential","Time of Sample Trajectory"
"601",456,29204.0816326531,"stable potential","Time of Sample Trajectory"
"602",447,29224.4897959184,"stable potential","Time of Sample Trajectory"
"603",448,29244.8979591837,"stable potential","Time of Sample Trajectory"
"604",453,29265.306122449,"stable potential","Time of Sample Trajectory"
"605",454,29285.7142857143,"stable potential","Time of Sample Trajectory"
"606",456,29306.1224489796,"stable potential","Time of Sample Trajectory"
"607",460,29326.5306122449,"stable potential","Time of Sample Trajectory"
"608",457,29346.9387755102,"stable potential","Time of Sample Trajectory"
"609",470,29367.3469387755,"stable potential","Time of Sample Trajectory"
"610",468,29387.7551020408,"stable potential","Time of Sample Trajectory"
"611",472,29408.1632653061,"stable potential","Time of Sample Trajectory"
"612",496,29428.5714285714,"stable potential","Time of Sample Trajectory"
"613",495,29448.9795918367,"stable potential","Time of Sample Trajectory"
"614",500,29469.387755102,"stable potential","Time of Sample Trajectory"
"615",510,29489.7959183673,"stable potential","Time of Sample Trajectory"
"616",508,29510.2040816327,"stable potential","Time of Sample Trajectory"
"617",510,29530.612244898,"stable potential","Time of Sample Trajectory"
"618",509,29551.0204081633,"stable potential","Time of Sample Trajectory"
"619",513,29571.4285714286,"stable potential","Time of Sample Trajectory"
"620",527,29591.8367346939,"stable potential","Time of Sample Trajectory"
"621",533,29612.2448979592,"stable potential","Time of Sample Trajectory"
"622",539,29632.6530612245,"stable potential","Time of Sample Trajectory"
"623",547,29653.0612244898,"stable potential","Time of Sample Trajectory"
"624",532,29673.4693877551,"stable potential","Time of Sample Trajectory"
"625",548,29693.8775510204,"stable potential","Time of Sample Trajectory"
"626",536,29714.2857142857,"stable potential","Time of Sample Trajectory"
"627",538,29734.693877551,"stable potential","Time of Sample Trajectory"
"628",516,29755.1020408163,"stable potential","Time of Sample Trajectory"
"629",510,29775.5102040816,"stable potential","Time of Sample Trajectory"
"630",524,29795.9183673469,"stable potential","Time of Sample Trajectory"
"631",522,29816.3265306122,"stable potential","Time of Sample Trajectory"
"632",522,29836.7346938776,"stable potential","Time of Sample Trajectory"
"633",525,29857.1428571429,"stable potential","Time of Sample Trajectory"
"634",512,29877.5510204082,"stable potential","Time of Sample Trajectory"
"635",518,29897.9591836735,"stable potential","Time of Sample Trajectory"
"636",513,29918.3673469388,"stable potential","Time of Sample Trajectory"
"637",516,29938.7755102041,"stable potential","Time of Sample Trajectory"
"638",516,29959.1836734694,"stable potential","Time of Sample Trajectory"
"639",527,29979.5918367347,"stable potential","Time of Sample Trajectory"
"640",536,30000,"stable potential","Time of Sample Trajectory"
"641",513,30020.4081632653,"stable potential","Time of Sample Trajectory"
"642",518,30040.8163265306,"stable potential","Time of Sample Trajectory"
"643",540,30061.2244897959,"stable potential","Time of Sample Trajectory"
"644",534,30081.6326530612,"stable potential","Time of Sample Trajectory"
"645",534,30102.0408163265,"stable potential","Time of Sample Trajectory"
"646",525,30122.4489795918,"stable potential","Time of Sample Trajectory"
"647",510,30142.8571428571,"stable potential","Time of Sample Trajectory"
"648",509,30163.2653061224,"stable potential","Time of Sample Trajectory"
"649",512,30183.6734693878,"stable potential","Time of Sample Trajectory"
"650",518,30204.0816326531,"stable potential","Time of Sample Trajectory"
"651",516,30224.4897959184,"stable potential","Time of Sample Trajectory"
"652",509,30244.8979591837,"stable potential","Time of Sample Trajectory"
"653",523,30265.306122449,"stable potential","Time of Sample Trajectory"
"654",515,30285.7142857143,"stable potential","Time of Sample Trajectory"
"655",529,30306.1224489796,"stable potential","Time of Sample Trajectory"
"656",530,30326.5306122449,"stable potential","Time of Sample Trajectory"
"657",512,30346.9387755102,"stable potential","Time of Sample Trajectory"
"658",512,30367.3469387755,"stable potential","Time of Sample Trajectory"
"659",523,30387.7551020408,"stable potential","Time of Sample Trajectory"
"660",528,30408.1632653061,"stable potential","Time of Sample Trajectory"
"661",526,30428.5714285714,"stable potential","Time of Sample Trajectory"
"662",521,30448.9795918367,"stable potential","Time of Sample Trajectory"
"663",514,30469.387755102,"stable potential","Time of Sample Trajectory"
"664",508,30489.7959183673,"stable potential","Time of Sample Trajectory"
"665",509,30510.2040816327,"stable potential","Time of Sample Trajectory"
"666",504,30530.612244898,"stable potential","Time of Sample Trajectory"
"667",494,30551.0204081633,"stable potential","Time of Sample Trajectory"
"668",493,30571.4285714286,"stable potential","Time of Sample Trajectory"
"669",509,30591.8367346939,"stable potential","Time of Sample Trajectory"
"670",514,30612.2448979592,"stable potential","Time of Sample Trajectory"
"671",511,30632.6530612245,"stable potential","Time of Sample Trajectory"
"672",503,30653.0612244898,"stable potential","Time of Sample Trajectory"
"673",502,30673.4693877551,"stable potential","Time of Sample Trajectory"
"674",512,30693.8775510204,"stable potential","Time of Sample Trajectory"
"675",507,30714.2857142857,"stable potential","Time of Sample Trajectory"
"676",496,30734.693877551,"stable potential","Time of Sample Trajectory"
"677",502,30755.1020408163,"stable potential","Time of Sample Trajectory"
"678",499,30775.5102040816,"stable potential","Time of Sample Trajectory"
"679",519,30795.9183673469,"stable potential","Time of Sample Trajectory"
"680",525,30816.3265306122,"stable potential","Time of Sample Trajectory"
"681",513,30836.7346938776,"stable potential","Time of Sample Trajectory"
"682",521,30857.1428571429,"stable potential","Time of Sample Trajectory"
"683",513,30877.5510204082,"stable potential","Time of Sample Trajectory"
"684",524,30897.9591836735,"stable potential","Time of Sample Trajectory"
"685",525,30918.3673469388,"stable potential","Time of Sample Trajectory"
"686",522,30938.7755102041,"stable potential","Time of Sample Trajectory"
"687",509,30959.1836734694,"stable potential","Time of Sample Trajectory"
"688",516,30979.5918367347,"stable potential","Time of Sample Trajectory"
"689",525,31000,"stable potential","Time of Sample Trajectory"
"690",520,31020.4081632653,"stable potential","Time of Sample Trajectory"
"691",510,31040.8163265306,"stable potential","Time of Sample Trajectory"
"692",515,31061.2244897959,"stable potential","Time of Sample Trajectory"
"693",509,31081.6326530612,"stable potential","Time of Sample Trajectory"
"694",501,31102.0408163265,"stable potential","Time of Sample Trajectory"
"695",509,31122.4489795918,"stable potential","Time of Sample Trajectory"
"696",488,31142.8571428571,"stable potential","Time of Sample Trajectory"
"697",493,31163.2653061224,"stable potential","Time of Sample Trajectory"
"698",494,31183.6734693878,"stable potential","Time of Sample Trajectory"
"699",501,31204.0816326531,"stable potential","Time of Sample Trajectory"
"700",497,31224.4897959184,"stable potential","Time of Sample Trajectory"
"701",497,31244.8979591837,"stable potential","Time of Sample Trajectory"
"702",511,31265.306122449,"stable potential","Time of Sample Trajectory"
"703",514,31285.7142857143,"stable potential","Time of Sample Trajectory"
"704",496,31306.1224489796,"stable potential","Time of Sample Trajectory"
"705",485,31326.5306122449,"stable potential","Time of Sample Trajectory"
"706",485,31346.9387755102,"stable potential","Time of Sample Trajectory"
"707",491,31367.3469387755,"stable potential","Time of Sample Trajectory"
"708",490,31387.7551020408,"stable potential","Time of Sample Trajectory"
"709",481,31408.1632653061,"stable potential","Time of Sample Trajectory"
"710",467,31428.5714285714,"stable potential","Time of Sample Trajectory"
"711",464,31448.9795918367,"stable potential","Time of Sample Trajectory"
"712",467,31469.387755102,"stable potential","Time of Sample Trajectory"
"713",461,31489.7959183673,"stable potential","Time of Sample Trajectory"
"714",463,31510.2040816327,"stable potential","Time of Sample Trajectory"
"715",481,31530.612244898,"stable potential","Time of Sample Trajectory"
"716",500,31551.0204081633,"stable potential","Time of Sample Trajectory"
"717",501,31571.4285714286,"stable potential","Time of Sample Trajectory"
"718",494,31591.8367346939,"stable potential","Time of Sample Trajectory"
"719",496,31612.2448979592,"stable potential","Time of Sample Trajectory"
"720",479,31632.6530612245,"stable potential","Time of Sample Trajectory"
"721",488,31653.0612244898,"stable potential","Time of Sample Trajectory"
"722",475,31673.4693877551,"stable potential","Time of Sample Trajectory"
"723",474,31693.8775510204,"stable potential","Time of Sample Trajectory"
"724",475,31714.2857142857,"stable potential","Time of Sample Trajectory"
"725",467,31734.693877551,"stable potential","Time of Sample Trajectory"
"726",478,31755.1020408163,"stable potential","Time of Sample Trajectory"
"727",464,31775.5102040816,"stable potential","Time of Sample Trajectory"
"728",465,31795.9183673469,"stable potential","Time of Sample Trajectory"
"729",474,31816.3265306122,"stable potential","Time of Sample Trajectory"
"730",479,31836.7346938776,"stable potential","Time of Sample Trajectory"
"731",492,31857.1428571429,"stable potential","Time of Sample Trajectory"
"732",486,31877.5510204082,"stable potential","Time of Sample Trajectory"
"733",479,31897.9591836735,"stable potential","Time of Sample Trajectory"
"734",480,31918.3673469388,"stable potential","Time of Sample Trajectory"
"735",472,31938.7755102041,"stable potential","Time of Sample Trajectory"
"736",494,31959.1836734694,"stable potential","Time of Sample Trajectory"
"737",477,31979.5918367347,"stable potential","Time of Sample Trajectory"
"738",477,32000,"stable potential","Time of Sample Trajectory"
"739",478,32020.4081632653,"stable potential","Time of Sample Trajectory"
"740",488,32040.8163265306,"stable potential","Time of Sample Trajectory"
"741",480,32061.2244897959,"stable potential","Time of Sample Trajectory"
"742",495,32081.6326530612,"stable potential","Time of Sample Trajectory"
"743",498,32102.0408163265,"stable potential","Time of Sample Trajectory"
"744",515,32122.4489795918,"stable potential","Time of Sample Trajectory"
"745",516,32142.8571428571,"stable potential","Time of Sample Trajectory"
"746",521,32163.2653061224,"stable potential","Time of Sample Trajectory"
"747",516,32183.6734693878,"stable potential","Time of Sample Trajectory"
"748",517,32204.0816326531,"stable potential","Time of Sample Trajectory"
"749",509,32224.4897959184,"stable potential","Time of Sample Trajectory"
"750",513,32244.8979591837,"stable potential","Time of Sample Trajectory"
"751",521,32265.306122449,"stable potential","Time of Sample Trajectory"
"752",520,32285.7142857143,"stable potential","Time of Sample Trajectory"
"753",533,32306.1224489796,"stable potential","Time of Sample Trajectory"
"754",526,32326.5306122449,"stable potential","Time of Sample Trajectory"
"755",521,32346.9387755102,"stable potential","Time of Sample Trajectory"
"756",514,32367.3469387755,"stable potential","Time of Sample Trajectory"
"757",514,32387.7551020408,"stable potential","Time of Sample Trajectory"
"758",508,32408.1632653061,"stable potential","Time of Sample Trajectory"
"759",508,32428.5714285714,"stable potential","Time of Sample Trajectory"
"760",508,32448.9795918367,"stable potential","Time of Sample Trajectory"
"761",494,32469.387755102,"stable potential","Time of Sample Trajectory"
"762",499,32489.7959183673,"stable potential","Time of Sample Trajectory"
"763",492,32510.2040816327,"stable potential","Time of Sample Trajectory"
"764",491,32530.612244898,"stable potential","Time of Sample Trajectory"
"765",485,32551.0204081633,"stable potential","Time of Sample Trajectory"
"766",475,32571.4285714286,"stable potential","Time of Sample Trajectory"
"767",484,32591.8367346939,"stable potential","Time of Sample Trajectory"
"768",501,32612.2448979592,"stable potential","Time of Sample Trajectory"
"769",497,32632.6530612245,"stable potential","Time of Sample Trajectory"
"770",496,32653.0612244898,"stable potential","Time of Sample Trajectory"
"771",484,32673.4693877551,"stable potential","Time of Sample Trajectory"
"772",488,32693.8775510204,"stable potential","Time of Sample Trajectory"
"773",485,32714.2857142857,"stable potential","Time of Sample Trajectory"
"774",464,32734.693877551,"stable potential","Time of Sample Trajectory"
"775",464,32755.1020408163,"stable potential","Time of Sample Trajectory"
"776",459,32775.5102040816,"stable potential","Time of Sample Trajectory"
"777",451,32795.9183673469,"stable potential","Time of Sample Trajectory"
"778",458,32816.3265306122,"stable potential","Time of Sample Trajectory"
"779",463,32836.7346938776,"stable potential","Time of Sample Trajectory"
"780",459,32857.1428571429,"stable potential","Time of Sample Trajectory"
"781",456,32877.5510204082,"stable potential","Time of Sample Trajectory"
"782",457,32897.9591836735,"stable potential","Time of Sample Trajectory"
"783",441,32918.3673469388,"stable potential","Time of Sample Trajectory"
"784",408,32938.7755102041,"stable potential","Time of Sample Trajectory"
"785",398,32959.1836734694,"stable potential","Time of Sample Trajectory"
"786",389,32979.5918367347,"stable potential","Time of Sample Trajectory"
"787",385,33000,"stable potential","Time of Sample Trajectory"
"788",382,33020.4081632653,"stable potential","Time of Sample Trajectory"
"789",364,33040.8163265306,"stable potential","Time of Sample Trajectory"
"790",368,33061.2244897959,"stable potential","Time of Sample Trajectory"
"791",365,33081.6326530612,"stable potential","Time of Sample Trajectory"
"792",380,33102.0408163265,"stable potential","Time of Sample Trajectory"
"793",375,33122.4489795918,"stable potential","Time of Sample Trajectory"
"794",390,33142.8571428571,"stable potential","Time of Sample Trajectory"
"795",400,33163.2653061224,"stable potential","Time of Sample Trajectory"
"796",402,33183.6734693878,"stable potential","Time of Sample Trajectory"
"797",393,33204.0816326531,"stable potential","Time of Sample Trajectory"
"798",393,33224.4897959184,"stable potential","Time of Sample Trajectory"
"799",399,33244.8979591837,"stable potential","Time of Sample Trajectory"
"800",396,33265.306122449,"stable potential","Time of Sample Trajectory"
"801",381,33285.7142857143,"stable potential","Time of Sample Trajectory"
"802",378,33306.1224489796,"stable potential","Time of Sample Trajectory"
"803",382,33326.5306122449,"stable potential","Time of Sample Trajectory"
"804",357,33346.9387755102,"stable potential","Time of Sample Trajectory"
"805",346,33367.3469387755,"stable potential","Time of Sample Trajectory"
"806",348,33387.7551020408,"stable potential","Time of Sample Trajectory"
"807",341,33408.1632653061,"stable potential","Time of Sample Trajectory"
"808",346,33428.5714285714,"stable potential","Time of Sample Trajectory"
"809",339,33448.9795918367,"stable potential","Time of Sample Trajectory"
"810",326,33469.387755102,"stable potential","Time of Sample Trajectory"
"811",332,33489.7959183673,"stable potential","Time of Sample Trajectory"
"812",308,33510.2040816327,"stable potential","Time of Sample Trajectory"
"813",311,33530.612244898,"stable potential","Time of Sample Trajectory"
"814",311,33551.0204081633,"stable potential","Time of Sample Trajectory"
"815",307,33571.4285714286,"stable potential","Time of Sample Trajectory"
"816",318,33591.8367346939,"stable potential","Time of Sample Trajectory"
"817",309,33612.2448979592,"stable potential","Time of Sample Trajectory"
"818",311,34000,"stable potential","Time of Sample Trajectory"
